{"count":1,"self":19338.3251968,"total":28568.6357907,"children":{"InitializeActuators":{"count":4,"self":0.0019974,"total":0.0019974,"children":null},"InitializeSensors":{"count":4,"self":0.021907299999999998,"total":0.021907299999999998,"children":null},"AgentSendState":{"count":201101,"self":1.1288272,"total":1120.8242936,"children":{"CollectObservations":{"count":160884,"self":0.0873663,"total":0.0873663,"children":null},"WriteActionMask":{"count":160884,"self":0.15094649999999998,"total":0.15094649999999998,"children":null},"RequestDecision":{"count":160884,"self":0.94245669999999993,"total":1119.4571535999999,"children":{"AgentInfo.ToProto":{"count":160884,"self":1.5073374,"total":1118.5146969,"children":{"GenerateSensorData":{"count":160884,"self":201.7282816,"total":1117.0073595,"children":{"CameraSensor.GetCompressedObservation":{"count":160884,"self":915.27905279999993,"total":915.27908259999992,"children":null}}}}}}}}},"DecideAction":{"count":201101,"self":7506.9464576,"total":7506.946245,"children":null},"AgentAct":{"count":201101,"self":591.07189759999994,"total":602.5155493,"children":{"AgentInfo.ToProto":{"count":136,"self":0.0129664,"total":11.443628499999999,"children":{"GenerateSensorData":{"count":136,"self":10.8324128,"total":11.4306621,"children":{"CameraSensor.GetCompressedObservation":{"count":136,"self":0.5982497,"total":0.5982497,"children":null}}}}}}}},"gauges":{"LawnMower.CumulativeReward":{"count":136,"max":0.375536263,"min":-0.904396057,"runningAverage":-0.122601777,"value":-0.03249507,"weightedAverage":-0.01680796}},"metadata":{"timer_format_version":"0.1.0","start_time_seconds":"1656952985","unity_version":"2020.3.27f1","command_line_arguments":"D:\\UnityEditors\\2020.3.27f1\\Editor\\Unity.exe -projectpath D:\\EVERYTHING\\UnityProject\\SimpleLawn -useHub -hubIPC -cloudEnvironment production -licensingIpc LicenseClient-30600 -hubSessionId f83f8870-fbad-11ec-be40-3b5179b6a731 -accessToken rFtZLg4tvzza12QnozlrVF7_6MNcuKTwcBkt_OZIUHg00ff","communication_protocol_version":"1.5.0","com.unity.ml-agents_version":"2.0.1","scene_name":"SimpleLawn","end_time_seconds":"1656981553"}}