{
    "name": "root",
    "gauges": {
        "LawnMower.Policy.Entropy.mean": {
            "value": 2.4849002361297607,
            "min": 2.4849002361297607,
            "max": 2.4849002361297607,
            "count": 1
        },
        "LawnMower.Policy.Entropy.sum": {
            "value": 20356.302734375,
            "min": 20356.302734375,
            "max": 20356.302734375,
            "count": 1
        },
        "LawnMower.Step.mean": {
            "value": 7936.0,
            "min": 7936.0,
            "max": 7936.0,
            "count": 1
        },
        "LawnMower.Step.sum": {
            "value": 7936.0,
            "min": 7936.0,
            "max": 7936.0,
            "count": 1
        },
        "LawnMower.Policy.ExtrinsicValueEstimate.mean": {
            "value": 0.18585456907749176,
            "min": 0.18585456907749176,
            "max": 0.18585456907749176,
            "count": 1
        },
        "LawnMower.Policy.ExtrinsicValueEstimate.sum": {
            "value": 23.789384841918945,
            "min": 23.789384841918945,
            "max": 23.789384841918945,
            "count": 1
        },
        "LawnMower.Environment.EpisodeLength.mean": {
            "value": 799.0,
            "min": 799.0,
            "max": 799.0,
            "count": 1
        },
        "LawnMower.Environment.EpisodeLength.sum": {
            "value": 6392.0,
            "min": 6392.0,
            "max": 6392.0,
            "count": 1
        },
        "LawnMower.Environment.CumulativeReward.mean": {
            "value": -0.8821549580898136,
            "min": -0.8821549580898136,
            "max": -0.8821549580898136,
            "count": 1
        },
        "LawnMower.Environment.CumulativeReward.sum": {
            "value": -7.057239664718509,
            "min": -7.057239664718509,
            "max": -7.057239664718509,
            "count": 1
        },
        "LawnMower.Policy.ExtrinsicReward.mean": {
            "value": -0.8821549580898136,
            "min": -0.8821549580898136,
            "max": -0.8821549580898136,
            "count": 1
        },
        "LawnMower.Policy.ExtrinsicReward.sum": {
            "value": -7.057239664718509,
            "min": -7.057239664718509,
            "max": -7.057239664718509,
            "count": 1
        },
        "LawnMower.IsTraining.mean": {
            "value": 1.0,
            "min": 1.0,
            "max": 1.0,
            "count": 1
        },
        "LawnMower.IsTraining.sum": {
            "value": 1.0,
            "min": 1.0,
            "max": 1.0,
            "count": 1
        }
    },
    "metadata": {
        "timer_format_version": "0.1.0",
        "start_time_seconds": "1656904200",
        "python_version": "3.7.13 (default, Mar 28 2022, 08:03:21) [MSC v.1916 64 bit (AMD64)]",
        "command_line_arguments": "C:\\ProgramData\\Anaconda3\\envs\\unity_rl\\Scripts\\mlagents-learn C:\\Users\\30600\\LawnMower.yaml --run-id simplelawn --torch-device cuda",
        "mlagents_version": "0.28.0",
        "mlagents_envs_version": "0.28.0",
        "communication_protocol_version": "1.5.0",
        "pytorch_version": "1.11.0",
        "numpy_version": "1.21.5",
        "end_time_seconds": "1656904974"
    },
    "total": 773.4578299,
    "count": 1,
    "self": 0.3565337999999656,
    "children": {
        "run_training.setup": {
            "total": 0.1447023999999999,
            "count": 1,
            "self": 0.1447023999999999
        },
        "TrainerController.start_learning": {
            "total": 772.9565937,
            "count": 1,
            "self": 1.124821699999984,
            "children": {
                "TrainerController._reset_env": {
                    "total": 23.545638399999998,
                    "count": 1,
                    "self": 23.545638399999998
                },
                "TrainerController.advance": {
                    "total": 723.3052966,
                    "count": 2464,
                    "self": 0.04077519999918877,
                    "children": {
                        "env_step": {
                            "total": 723.2645214000008,
                            "count": 2464,
                            "self": 672.3330304999997,
                            "children": {
                                "SubprocessEnvManager._take_step": {
                                    "total": 50.88152670000078,
                                    "count": 2464,
                                    "self": 0.16771380000038505,
                                    "children": {
                                        "TorchPolicy.evaluate": {
                                            "total": 50.71381290000039,
                                            "count": 2464,
                                            "self": 17.24870430000108,
                                            "children": {
                                                "TorchPolicy.sample_actions": {
                                                    "total": 33.46510859999931,
                                                    "count": 2464,
                                                    "self": 33.46510859999931
                                                }
                                            }
                                        }
                                    }
                                },
                                "workers": {
                                    "total": 0.049964200000378156,
                                    "count": 2464,
                                    "self": 0.0,
                                    "children": {
                                        "worker_root": {
                                            "total": 430.2636638999982,
                                            "count": 2464,
                                            "is_parallel": true,
                                            "self": 82.08540279999812,
                                            "children": {
                                                "steps_from_proto": {
                                                    "total": 0.0680607000000002,
                                                    "count": 1,
                                                    "is_parallel": true,
                                                    "self": 0.001917399999999958,
                                                    "children": {
                                                        "_process_maybe_compressed_observation": {
                                                            "total": 0.06467320000000143,
                                                            "count": 2,
                                                            "is_parallel": true,
                                                            "self": 0.001220599999999905,
                                                            "children": {
                                                                "_observation_to_np_array": {
                                                                    "total": 0.06345260000000152,
                                                                    "count": 4,
                                                                    "is_parallel": true,
                                                                    "self": 0.00012280000000686186,
                                                                    "children": {
                                                                        "process_pixels": {
                                                                            "total": 0.06332979999999466,
                                                                            "count": 4,
                                                                            "is_parallel": true,